{
	"configs" : [
		{
			"remarks" : "[日本1]:P2P下载封号",
			"id" : "0B1E9911DE149B825B826563B6C50F5B",
			"server" : "jp01.longlongtimenosee.com",
			"server_port" : 33357,
			"server_udp_port" : 0,
			"password" : "iilC30A5t7",
			"method" : "rc4-md5",
			"protocol" : "origin",
			"protocolparam" : "",
			"obfs" : "plain",
			"obfsparam" : "",
			"remarks_base64" : "W-aXpeacrDFdOlAyUOS4i-i9veWwgeWPtw",
			"group" : "SSVIP原版",
			"enable" : true,
			"udp_over_tcp" : false
		},
		{
			"remarks" : "[日本2]:P2P下载封号",
			"id" : "A4B51432A6CECB8BC2DD5EFD4EC9E8F2",
			"server" : "jp02.longlongtimenosee.com",
			"server_port" : 33357,
			"server_udp_port" : 0,
			"password" : "iilC30A5t7",
			"method" : "rc4-md5",
			"protocol" : "origin",
			"protocolparam" : "",
			"obfs" : "plain",
			"obfsparam" : "",
			"remarks_base64" : "W-aXpeacrDJdOlAyUOS4i-i9veWwgeWPtw",
			"group" : "SSVIP原版",
			"enable" : true,
			"udp_over_tcp" : false
		},
		{
			"remarks" : "[日本3]:P2P下载封号",
			"id" : "6E70DDA2DF8680048501CC95D0A82282",
			"server" : "jp03.longlongtimenosee.com",
			"server_port" : 33357,
			"server_udp_port" : 0,
			"password" : "iilC30A5t7",
			"method" : "rc4-md5",
			"protocol" : "origin",
			"protocolparam" : "",
			"obfs" : "plain",
			"obfsparam" : "",
			"remarks_base64" : "W-aXpeacrDNdOlAyUOS4i-i9veWwgeWPtw",
			"group" : "SSVIP原版",
			"enable" : true,
			"udp_over_tcp" : false
		},
		{
			"remarks" : "[日本4]:P2P下载封号",
			"id" : "D50D8DD2C3886F90E62A799E8E1DC80C",
			"server" : "jp04.longlongtimenosee.com",
			"server_port" : 33357,
			"server_udp_port" : 0,
			"password" : "iilC30A5t7",
			"method" : "rc4-md5",
			"protocol" : "origin",
			"protocolparam" : "",
			"obfs" : "plain",
			"obfsparam" : "",
			"remarks_base64" : "W-aXpeacrDRdOlAyUOS4i-i9veWwgeWPtw",
			"group" : "SSVIP原版",
			"enable" : true,
			"udp_over_tcp" : false
		},
		{
			"remarks" : "[日本5]:P2P下载封号",
			"id" : "C236CEE43E28D246C3091BE219846AFF",
			"server" : "jp05.longlongtimenosee.com",
			"server_port" : 33357,
			"server_udp_port" : 0,
			"password" : "iilC30A5t7",
			"method" : "rc4-md5",
			"protocol" : "origin",
			"protocolparam" : "",
			"obfs" : "plain",
			"obfsparam" : "",
			"remarks_base64" : "W-aXpeacrDVdOlAyUOS4i-i9veWwgeWPtw",
			"group" : "SSVIP原版",
			"enable" : true,
			"udp_over_tcp" : false
		},
		{
			"remarks" : "[日本6]:P2P下载封号",
			"id" : "0CF07DCDD0B378CF7AB64A8A67C48366",
			"server" : "jp06.longlongtimenosee.com",
			"server_port" : 33357,
			"server_udp_port" : 0,
			"password" : "iilC30A5t7",
			"method" : "rc4-md5",
			"protocol" : "origin",
			"protocolparam" : "",
			"obfs" : "plain",
			"obfsparam" : "",
			"remarks_base64" : "W-aXpeacrDZdOlAyUOS4i-i9veWwgeWPtw",
			"group" : "SSVIP原版",
			"enable" : true,
			"udp_over_tcp" : false
		},
		{
			"remarks" : "[日本7]:P2P下载封号",
			"id" : "E3EC7E443A14547D41EE8E0A380489AE",
			"server" : "jp07.longlongtimenosee.com",
			"server_port" : 33357,
			"server_udp_port" : 0,
			"password" : "iilC30A5t7",
			"method" : "rc4-md5",
			"protocol" : "origin",
			"protocolparam" : "",
			"obfs" : "plain",
			"obfsparam" : "",
			"remarks_base64" : "W-aXpeacrDddOlAyUOS4i-i9veWwgeWPtw",
			"group" : "SSVIP原版",
			"enable" : true,
			"udp_over_tcp" : false
		},
		{
			"remarks" : "[日本8]:P2P下载封号",
			"id" : "EFC3E68E97D1F9E5776287B66741B3A7",
			"server" : "jp08.longlongtimenosee.com",
			"server_port" : 33357,
			"server_udp_port" : 0,
			"password" : "iilC30A5t7",
			"method" : "rc4-md5",
			"protocol" : "origin",
			"protocolparam" : "",
			"obfs" : "plain",
			"obfsparam" : "",
			"remarks_base64" : "W-aXpeacrDhdOlAyUOS4i-i9veWwgeWPtw",
			"group" : "SSVIP原版",
			"enable" : true,
			"udp_over_tcp" : false
		},
		{
			"remarks" : "[美国1]:允许P2P下载",
			"id" : "D104BCDFFF6079FB70E27C1AE646E4BA",
			"server" : "us01.longlongtimenosee.com",
			"server_port" : 33357,
			"server_udp_port" : 0,
			"password" : "iilC30A5t7",
			"method" : "rc4-md5",
			"protocol" : "origin",
			"protocolparam" : "",
			"obfs" : "plain",
			"obfsparam" : "",
			"remarks_base64" : "W-e-juWbvTFdOuWFgeiuuFAyUOS4i-i9vQ",
			"group" : "SSVIP原版",
			"enable" : true,
			"udp_over_tcp" : false
		},
		{
			"remarks" : "[美国2]:允许P2P下载",
			"id" : "B1057431B99CEE97C92A387E9A877C30",
			"server" : "us02.longlongtimenosee.com",
			"server_port" : 33357,
			"server_udp_port" : 0,
			"password" : "iilC30A5t7",
			"method" : "rc4-md5",
			"protocol" : "origin",
			"protocolparam" : "",
			"obfs" : "plain",
			"obfsparam" : "",
			"remarks_base64" : "W-e-juWbvTJdOuWFgeiuuFAyUOS4i-i9vQ",
			"group" : "SSVIP原版",
			"enable" : true,
			"udp_over_tcp" : false
		},
		{
			"remarks" : "[美国3]:允许P2P下载",
			"id" : "2E8B8A0C8911B262FB0C1D1EBDC88039",
			"server" : "us03.longlongtimenosee.com",
			"server_port" : 33357,
			"server_udp_port" : 0,
			"password" : "iilC30A5t7",
			"method" : "rc4-md5",
			"protocol" : "origin",
			"protocolparam" : "",
			"obfs" : "plain",
			"obfsparam" : "",
			"remarks_base64" : "W-e-juWbvTNdOuWFgeiuuFAyUOS4i-i9vQ",
			"group" : "SSVIP原版",
			"enable" : true,
			"udp_over_tcp" : false
		},
		{
			"remarks" : "[美国4]:允许P2P下载",
			"id" : "D108C8A413BED5F4704202778D615CC0",
			"server" : "us04.longlongtimenosee.com",
			"server_port" : 33357,
			"server_udp_port" : 0,
			"password" : "iilC30A5t7",
			"method" : "rc4-md5",
			"protocol" : "origin",
			"protocolparam" : "",
			"obfs" : "plain",
			"obfsparam" : "",
			"remarks_base64" : "W-e-juWbvTRdOuWFgeiuuFAyUOS4i-i9vQ",
			"group" : "SSVIP原版",
			"enable" : true,
			"udp_over_tcp" : false
		},
		{
			"remarks" : "[美国5]:允许P2P下载",
			"id" : "C9248B63D0DDEC37E1A18B97C518AE28",
			"server" : "us05.longlongtimenosee.com",
			"server_port" : 33357,
			"server_udp_port" : 0,
			"password" : "iilC30A5t7",
			"method" : "rc4-md5",
			"protocol" : "origin",
			"protocolparam" : "",
			"obfs" : "plain",
			"obfsparam" : "",
			"remarks_base64" : "W-e-juWbvTVdOuWFgeiuuFAyUOS4i-i9vQ",
			"group" : "SSVIP原版",
			"enable" : true,
			"udp_over_tcp" : false
		},
		{
			"remarks" : "[美国6]:允许P2P下载",
			"id" : "85CB43E0306C7551D0BE3B81D0D268C7",
			"server" : "us06.longlongtimenosee.com",
			"server_port" : 33357,
			"server_udp_port" : 0,
			"password" : "iilC30A5t7",
			"method" : "rc4-md5",
			"protocol" : "origin",
			"protocolparam" : "",
			"obfs" : "plain",
			"obfsparam" : "",
			"remarks_base64" : "W-e-juWbvTZdOuWFgeiuuFAyUOS4i-i9vQ",
			"group" : "SSVIP原版",
			"enable" : true,
			"udp_over_tcp" : false
		},
		{
			"remarks" : "[美国7]:允许P2P下载",
			"id" : "90D9B7CF71AB60028E26C3C644A05427",
			"server" : "us07.longlongtimenosee.com",
			"server_port" : 33357,
			"server_udp_port" : 0,
			"password" : "iilC30A5t7",
			"method" : "rc4-md5",
			"protocol" : "origin",
			"protocolparam" : "",
			"obfs" : "plain",
			"obfsparam" : "",
			"remarks_base64" : "W-e-juWbvTddOuWFgeiuuFAyUOS4i-i9vQ",
			"group" : "SSVIP原版",
			"enable" : true,
			"udp_over_tcp" : false
		},
		{
			"remarks" : "[美国8]:允许P2P下载",
			"id" : "5BB438B6FAF541B36A91F27DDF6604D0",
			"server" : "us08.longlongtimenosee.com",
			"server_port" : 33357,
			"server_udp_port" : 0,
			"password" : "iilC30A5t7",
			"method" : "rc4-md5",
			"protocol" : "origin",
			"protocolparam" : "",
			"obfs" : "plain",
			"obfsparam" : "",
			"remarks_base64" : "W-e-juWbvThdOuWFgeiuuFAyUOS4i-i9vQ",
			"group" : "SSVIP原版",
			"enable" : true,
			"udp_over_tcp" : false
		},
		{
			"remarks" : "[俄罗斯1]:P2P下载封号",
			"id" : "06B238B3BFD7197B3B91E64B344157A1",
			"server" : "ru01.longlongtimenosee.com",
			"server_port" : 33357,
			"server_udp_port" : 0,
			"password" : "iilC30A5t7",
			"method" : "rc4-md5",
			"protocol" : "origin",
			"protocolparam" : "",
			"obfs" : "plain",
			"obfsparam" : "",
			"remarks_base64" : "W-S_hOe9l-aWrzFdOlAyUOS4i-i9veWwgeWPtw",
			"group" : "SSVIP原版",
			"enable" : true,
			"udp_over_tcp" : false
		},
		{
			"remarks" : "[俄罗斯2]:P2P下载封号",
			"id" : "9E127D9D473BAF813743327C6F72A27B",
			"server" : "ru02.longlongtimenosee.com",
			"server_port" : 33357,
			"server_udp_port" : 0,
			"password" : "iilC30A5t7",
			"method" : "rc4-md5",
			"protocol" : "origin",
			"protocolparam" : "",
			"obfs" : "plain",
			"obfsparam" : "",
			"remarks_base64" : "W-S_hOe9l-aWrzJdOlAyUOS4i-i9veWwgeWPtw",
			"group" : "SSVIP原版",
			"enable" : true,
			"udp_over_tcp" : false
		},
		{
			"remarks" : "[俄罗斯3]:P2P下载封号",
			"id" : "EDA418259725795D5357478D13A31A5F",
			"server" : "ru03.longlongtimenosee.com",
			"server_port" : 33357,
			"server_udp_port" : 0,
			"password" : "iilC30A5t7",
			"method" : "rc4-md5",
			"protocol" : "origin",
			"protocolparam" : "",
			"obfs" : "plain",
			"obfsparam" : "",
			"remarks_base64" : "W-S_hOe9l-aWrzNdOlAyUOS4i-i9veWwgeWPtw",
			"group" : "SSVIP原版",
			"enable" : true,
			"udp_over_tcp" : false
		},
		{
			"remarks" : "[德国]:P2P下载封号",
			"id" : "0506DE51F71D1ABD5B6F4231D72D3318",
			"server" : "de.longlongtimenosee.com",
			"server_port" : 33357,
			"server_udp_port" : 0,
			"password" : "iilC30A5t7",
			"method" : "rc4-md5",
			"protocol" : "origin",
			"protocolparam" : "",
			"obfs" : "plain",
			"obfsparam" : "",
			"remarks_base64" : "W-W-t-WbvV06UDJQ5LiL6L295bCB5Y-3",
			"group" : "SSVIP原版",
			"enable" : true,
			"udp_over_tcp" : false
		},
		{
			"remarks" : "[英国]:P2P下载封号",
			"id" : "4D769CAB5DD1C9056CA96A284D22176C",
			"server" : "uk.longlongtimenosee.com",
			"server_port" : 33357,
			"server_udp_port" : 0,
			"password" : "iilC30A5t7",
			"method" : "rc4-md5",
			"protocol" : "origin",
			"protocolparam" : "",
			"obfs" : "plain",
			"obfsparam" : "",
			"remarks_base64" : "W-iLseWbvV06UDJQ5LiL6L295bCB5Y-3",
			"group" : "SSVIP原版",
			"enable" : true,
			"udp_over_tcp" : false
		},
		{
			"remarks" : "[法国]:P2P下载封号",
			"id" : "95BC4FFEEE451B1004195121C009B55E",
			"server" : "fr.longlongtimenosee.com",
			"server_port" : 33357,
			"server_udp_port" : 0,
			"password" : "iilC30A5t7",
			"method" : "rc4-md5",
			"protocol" : "origin",
			"protocolparam" : "",
			"obfs" : "plain",
			"obfsparam" : "",
			"remarks_base64" : "W-azleWbvV06UDJQ5LiL6L295bCB5Y-3",
			"group" : "SSVIP原版",
			"enable" : true,
			"udp_over_tcp" : false
		},
		{
			"remarks" : "[香港1]:P2P下载封号",
			"id" : "0EFAB28D507C0726D414273359944D6F",
			"server" : "hk01.longlongtimenosee.com",
			"server_port" : 33357,
			"server_udp_port" : 0,
			"password" : "iilC30A5t7",
			"method" : "rc4-md5",
			"protocol" : "origin",
			"protocolparam" : "",
			"obfs" : "plain",
			"obfsparam" : "",
			"remarks_base64" : "W-mmmea4rzFdOlAyUOS4i-i9veWwgeWPtw",
			"group" : "SSVIP原版",
			"enable" : true,
			"udp_over_tcp" : false
		},
		{
			"remarks" : "[香港2]:P2P下载封号",
			"id" : "7987E1CADBD7449DEE6E397990C27DBB",
			"server" : "hk02.longlongtimenosee.com",
			"server_port" : 33357,
			"server_udp_port" : 0,
			"password" : "iilC30A5t7",
			"method" : "rc4-md5",
			"protocol" : "origin",
			"protocolparam" : "",
			"obfs" : "plain",
			"obfsparam" : "",
			"remarks_base64" : "W-mmmea4rzJdOlAyUOS4i-i9veWwgeWPtw",
			"group" : "SSVIP原版",
			"enable" : true,
			"udp_over_tcp" : false
		},
		{
			"remarks" : "[香港3]:P2P下载封号",
			"id" : "EC62A41C6BBC440A99E825936AB3993D",
			"server" : "hk03.longlongtimenosee.com",
			"server_port" : 33357,
			"server_udp_port" : 0,
			"password" : "iilC30A5t7",
			"method" : "rc4-md5",
			"protocol" : "origin",
			"protocolparam" : "",
			"obfs" : "plain",
			"obfsparam" : "",
			"remarks_base64" : "W-mmmea4rzNdOlAyUOS4i-i9veWwgeWPtw",
			"group" : "SSVIP原版",
			"enable" : true,
			"udp_over_tcp" : false
		},
		{
			"remarks" : "[新加坡]:P2P下载封号",
			"id" : "0B2DC428C3437FFD0A110998EB3B9D70",
			"server" : "sgp01.longlongtimenosee.com",
			"server_port" : 33357,
			"server_udp_port" : 0,
			"password" : "iilC30A5t7",
			"method" : "rc4-md5",
			"protocol" : "origin",
			"protocolparam" : "",
			"obfs" : "plain",
			"obfsparam" : "",
			"remarks_base64" : "W-aWsOWKoOWdoV06UDJQ5LiL6L295bCB5Y-3",
			"group" : "SSVIP原版",
			"enable" : true,
			"udp_over_tcp" : false
		},
		{
			"remarks" : "[澳洲]:P2P下载封号",
			"id" : "2A8E40C2CDB98B39934ABF562FC82A16",
			"server" : "au.longlongtimenosee.com",
			"server_port" : 33357,
			"server_udp_port" : 0,
			"password" : "iilC30A5t7",
			"method" : "rc4-md5",
			"protocol" : "origin",
			"protocolparam" : "",
			"obfs" : "plain",
			"obfsparam" : "",
			"remarks_base64" : "W-a-s-a0sl06UDJQ5LiL6L295bCB5Y-3",
			"group" : "SSVIP原版",
			"enable" : true,
			"udp_over_tcp" : false
		}
	],
	"index" : 9,
	"random" : false,
	"sysProxyMode" : 2,
	"shareOverLan" : false,
	"localPort" : 1080,
	"localAuthPassword" : "a1RvlMM_05nxgAMqCwYy",
	"dnsServer" : "",
	"reconnectTimes" : 2,
	"randomAlgorithm" : 3,
	"randomInGroup" : false,
	"TTL" : 0,
	"connectTimeout" : 5,
	"proxyRuleMode" : 0,
	"proxyEnable" : false,
	"pacDirectGoProxy" : false,
	"proxyType" : 0,
	"proxyHost" : null,
	"proxyPort" : 0,
	"proxyAuthUser" : null,
	"proxyAuthPass" : null,
	"proxyUserAgent" : null,
	"authUser" : null,
	"authPass" : null,
	"autoBan" : false,
	"sameHostForSameTarget" : false,
	"keepVisitTime" : 180,
	"isHideTips" : false,
	"nodeFeedAutoUpdate" : true,
	"serverSubscribes" : [
		{
			"URL" : "https://longtimevip.com/ss.php?port=33357&passwd=iilC30A5t7",
			"Group" : "SSVIP原版"
		}
	],
	"token" : {

	},
	"portMap" : {

	}
}