{
	"nogicat.net" : {
		"totalUploadBytes" : 362383,
		"totalDownloadBytes" : 528279
	},
	"ssr.wulabing.com" : {
		"totalUploadBytes" : 613,
		"totalDownloadBytes" : 0
	},
	"c5.1tizi.com" : {
		"totalUploadBytes" : 53868,
		"totalDownloadBytes" : 5804192
	},
	"c4.1tizi.com" : {
		"totalUploadBytes" : 466212,
		"totalDownloadBytes" : 706159005
	},
	"hk02.ssvipv5.com" : {
		"totalUploadBytes" : 5093,
		"totalDownloadBytes" : 12003
	},
	"us01.ssvipv5.com" : {
		"totalUploadBytes" : 4346,
		"totalDownloadBytes" : 6066
	},
	"hk01.ssvipv5.com" : {
		"totalUploadBytes" : 6450,
		"totalDownloadBytes" : 12003
	},
	"jp04.ssvipv5.com" : {
		"totalUploadBytes" : 6838,
		"totalDownloadBytes" : 17811
	},
	"us06.ssvipv5.com" : {
		"totalUploadBytes" : 6849,
		"totalDownloadBytes" : 6195
	},
	"hk03.ssvipv5.com" : {
		"totalUploadBytes" : 5648,
		"totalDownloadBytes" : 17811
	},
	"jp02.ssvipv5.com" : {
		"totalUploadBytes" : 5263,
		"totalDownloadBytes" : 17811
	},
	"us07.ssvipv5.com" : {
		"totalUploadBytes" : 5264,
		"totalDownloadBytes" : 17811
	},
	"us04.ssvipv5.com" : {
		"totalUploadBytes" : 7466,
		"totalDownloadBytes" : 17811
	},
	"jp06.ssvipv5.com" : {
		"totalUploadBytes" : 8612,
		"totalDownloadBytes" : 17940
	},
	"jp05.ssvipv5.com" : {
		"totalUploadBytes" : 65800,
		"totalDownloadBytes" : 8081537
	},
	"us02.ssvipv5.com" : {
		"totalUploadBytes" : 6834,
		"totalDownloadBytes" : 17811
	},
	"jp07.ssvipv5.com" : {
		"totalUploadBytes" : 187718,
		"totalDownloadBytes" : 20404261
	},
	"jp01.ssvipv5.com" : {
		"totalUploadBytes" : 327351,
		"totalDownloadBytes" : 1672065
	},
	"us03.ssvipv5.com" : {
		"totalUploadBytes" : 7535,
		"totalDownloadBytes" : 17940
	},
	"us08.ssvipv5.com" : {
		"totalUploadBytes" : 39978,
		"totalDownloadBytes" : 83634
	},
	"jp03.ssvipv5.com" : {
		"totalUploadBytes" : 4697,
		"totalDownloadBytes" : 11874
	},
	"jp08.ssvipv5.com" : {
		"totalUploadBytes" : 4560,
		"totalDownloadBytes" : 6066
	},
	"us05.ssvipv5.com" : {
		"totalUploadBytes" : 6746,
		"totalDownloadBytes" : 12003
	},
	"103.42.214.62" : {
		"totalUploadBytes" : 220221,
		"totalDownloadBytes" : 58603081
	},
	"jp01.longlongtimenosee.com" : {
		"totalUploadBytes" : 55859,
		"totalDownloadBytes" : 545763
	},
	"sgp01.longlongtimenosee.com" : {
		"totalUploadBytes" : 987507161,
		"totalDownloadBytes" : 2476670000
	},
	"hk02.longlongtimenosee.com" : {
		"totalUploadBytes" : 6499534,
		"totalDownloadBytes" : 109845218
	},
	"us05.longlongtimenosee.com" : {
		"totalUploadBytes" : 89725223,
		"totalDownloadBytes" : 1044942197
	},
	"jp04.longlongtimenosee.com" : {
		"totalUploadBytes" : 42174157,
		"totalDownloadBytes" : 273998352
	},
	"jp02.longlongtimenosee.com" : {
		"totalUploadBytes" : 3609788,
		"totalDownloadBytes" : 15098244
	},
	"jp05.longlongtimenosee.com" : {
		"totalUploadBytes" : 101355126,
		"totalDownloadBytes" : 402646451
	},
	"hk01.longlongtimenosee.com" : {
		"totalUploadBytes" : 52708,
		"totalDownloadBytes" : 23475
	},
	"us04.longlongtimenosee.com" : {
		"totalUploadBytes" : 87299,
		"totalDownloadBytes" : 1375696
	},
	"us03.longlongtimenosee.com" : {
		"totalUploadBytes" : 39714159,
		"totalDownloadBytes" : 371635716
	},
	"us02.longlongtimenosee.com" : {
		"totalUploadBytes" : 340049498,
		"totalDownloadBytes" : 2971843064
	}
}